{
  "options": {
    "target_dir": "",
    "zoom_levels": [17,18],
    "separate_instances": false
  },
  "boundingboxes": {
    "chicago": [-87.779857, 41.87806, -87.659265, 41.953457],
    "chicago2": [-87.739813, 41.837528, -87.70282, 41.865722],
    "firenze": [11.239844, 43.765851, 11.289969, 43.790065],
    "nuernberg": [11.046668, 49.470696, 11.129795, 49.492332],
    "wettingen": [8.309857, 47.456269, 8.340327, 47.473386],
        "duebendorf": [8.606587, 47.392654, 8.627401, 47.404593],
        "goldach": {
            "tr": 9.462776,
            "tl": 47.465723,
            "br": 9.489598,
            "bl": 47.485157
        },
        "stgallen": {
            "tr": 9.405892,
            "tl": 47.433161,
            "br": 9.424131,
            "bl": 47.444191
        },
        "rapperswil": {
            "tr": 8.818724,
            "tl": 47.222126,
            "br": 8.847435,
            "bl": 47.234629
        },
        "hombrechtikon": {
            "tr": 8.815956,
            "tl": 47.237018,
            "br": 8.826664,
            "bl": 47.247157
        },
        "zurich": {
            "tr": 8.47716,
            "tl": 47.36036,
            "br": 8.573806,
            "bl": 47.401508
        },
        "boston_financial_district": {
            "tr": -71.07081,
            "tl": 42.351557,
            "br": -71.053601,
            "bl": 42.362942
        },
        "boston_houses": {
            "tr": -71.079802,
            "tl": 42.280151,
            "br": -71.05062,
            "bl": 42.29958
        },
        "bern": {
            "tr": 7.420455,
            "tl": 46.935277,
            "br": 7.46337,
            "bl": 46.965862
        },
        "new_york": {
            "tr": -74.02059,
            "tl": 40.646089,
            "br": -73.864722,
            "bl": 40.77413
        },
        "berlin": {
            "tr": 13.326222,
            "tl": 52.418412,
            "br": 13.548696,
            "bl": 52.563071
        },
        "munich": {
            "tr": 11.465968,
            "tl": 48.096287,
            "br": 11.626643,
            "bl": 48.189756
        },
        "rome": {
            "tr": 12.449309,
            "tl": 41.869589,
            "br": 12.531363,
            "bl": 41.923766
        },
        "san_francisco": {
            "tr": -122.508763,
            "tl": 37.714932,
            "br": -122.383106,
            "bl": 37.787682
        }
  }
}