{
  "options": {
    "target_dir": "",
    "zoom_levels": [19],
    "separate_instances": false
  },
  "query": {
    "tags": ["highway", "building", "leisure=swimming_pool", "landuse=vineyard", "sport=tennis"]
  },
  "boundingboxes": {
    "giswil_1": [8.1566193073,46.7783248574,8.1681635349,46.7905387509],
    "giswil_2": [8.1388001434,46.7778439103,8.1562840923,46.7880064196],
    "goldach_rorschacherberg": [
      9.440673825,
      47.4534664711,
      9.5168056457,
      47.4896115582
    ]
  }
}